nama,harga,penjual,kota,banyak terjual,rating
Kylafood Seblak Mie Baso Sapi Play,Rp24.200,kylafood,Bandung,250+ terjual,4.9
Kylafood Paket (3 Seblak Original 2 Batagor kuah) ,Rp97.200,Lidigeli,Kab. Garut,3 rb+ terjual,4.9
Kylafood Seblak Rempah Autentik isi (5pcs),Rp46.325,Rav Jaya Display,Kab. Tangerang,250+ terjual,4.7
"Kylafood Paket ( Seblak Original, Batagor, Cireng Rujak, Boci Goang)",Rp86.130,DUO BOCIL SNACK,Depok,750+ terjual,4.9
Geli Food Seblak Ceker Tanpa Tulang Super Pedas 180gr,Rp24.000,dariimyu,Kab. Indramayu,100+ terjual,4.8
SEBLAK INSTAN MOMMY,Rp13.900,Brother Meat Shop,Depok,1rb+ terjual,4.8
Kerupuk Seblak Rafael Pedas / Seblak Mawar Pedes - Duo Bocil Snack,Rp16.000,Pusat Cuankie & Cemilan Frozen,Jakarta Timur,100+ terjual,5.0
KRUPUK STIK RASA UDANG CAP PADI KAPAS KHAS INDRAMAYU BISA BUAT SEBLAK,Rp20.350,the Dhecip,Tangerang Selatan,250+ terjual,4.9
"Seblak Rafael, Seblak Coet Instan Halal",Rp23.750,Foodstocks,Jakarta Selatan,500+ terjual,4.9
SEBLAK INSTANT TERMURAH,Rp4.450,Pedas Gilaa,Surabaya,10rb+ terjual,4.8
Seblak Instan Pedas Home Made,Rp3.500,Brother Meat Shop,Depok,3rb+ terjual,4.9
Seblak Rafael/Seblak Coet Instan Halal,Rp26.600,Pusat Cuankie & Cemilan Frozen,Jakarta Timur,60+ terjual,5.0
Cuanki Lidah Topping Baso Aci Seblak Isi 50 Biji,Rp13.000,the Dhecip,Tangerang Selatan,80+ terjual,4.9
"Seblak Rafael, Seblak Coet Instan Halal",Rp23.750,Foodstocks,Jakarta Selatan,500+ terjual,4.9
SEBLAK INSTANT TERMURAH,Rp4.450,Ebay Store,Kab. Tangerang,10rb+ terjual,4.8
Seblak Instan Pedas Home Made,Rp3.500,LEGIT SNACK,Jakarta Barat,3rb+ terjual,4.9
Seblak Rafael/Seblak Coet Instan Halal,Rp26.600,aghniya,Tangerang Selatan,60+ terjual,5.0
NAAGIH! Seblak Cuanki Baso Aci Boci Instant Kuliner Bandung Pedas Pool,Rp4.888,Aydaa Snack,Surakarta,100+ terjual,5.0
KERUPUK SEBLAK PEDAS / KRUPUK SEBLAK KERING DAUN JERUK PEDES,Rp25.000,Keripik Edun Bandung,Kab. Bandung,70+ terjual,4.9
"seblak kering pedas 250 gr/seblak kencur/kerupuk seblak,enak dan gurih",Rp9.999,JAGO TOK PETOK,Surabaya,500+ terjual,4.8
SEBRING KRUPUK KERUPUK SEBLAK KERING PEDAS DAUN JERUK 1KG CABE ASLI,Rp16.000,Brother Meat Shop,Depok,100+ terjual,4.9
Kerupuk Seblak Kering Putih Ngembang Khas Keripik Pojok Riki Mang Odod,Rp13.999,DUO BOCIL SNACK,Depok,30+ terjual,5.0
kerupuk seblak kering pedas 1 kg keripik hot spicy camilan kekinian,Rp41.000,Foodstocks,Jakarta Selatan,100+ terjual,4.9
"Seblak Rafael, Seblak Coet Instan Halal",Rp23.750,Beauty DELUXE,Jakarta Barat,500+ terjual,4.9
Kerupuk Seblak Rafael Pedas / Seblak Mawar Pedes - Duo Bocil Snack,Rp16.000,Markas Makaroni,Kab. Bekasi,100+ terjual,5.0
Seblak Rafael/Seblak Coet Instan Halal,Rp26.600,Brother Meat Shop,Depok,60+ terjual,5.0
Seblak RAFAEL | Seblak MAMANG RAFAEL | Seblak Viral ORIGINAL TATANGGA,Rp39.500,Pusat Cuankie & Cemilan Frozen,Jakarta Timur,40+ terjual,4.9
Krupuk seblak mawar rafael pedas 250gram,Rp12.500,the Dhecip,Tangerang Selatan,100+ terjual,4.7
"Seblak Rafael, Seblak Coet Instan Halal",Rp23.750,Foodstocks,Jakarta Selatan,500+ terjual,4.9
SEBLAK INSTANT TERMURAH,Rp4.450,Ebay Store,Kab. Tangerang,10rb+ terjual,4.8
Seblak Instan Pedas Home Made,Rp3.500,CamilanJati,Kab. Sidoarjo,3rb+ terjual,4.9
Seblak Rafael/Seblak Coet Instan Halal,Rp26.600,Lidigeli,Kab. Garut,60+ terjual,5.0
NAAGIH! Seblak Cuanki Baso Aci Boci Instant Kuliner Bandung Pedas Pool,Rp4.888,the Dhecip,Tangerang Selatan,100+ terjual,5.0
[250 gr] Kerupuk Seblak Pedas,Rp11.500,RIKI STORE 97,Kab. Bogor,50+ terjual,5.0
Gelifood Seblak Instan Kerupuk Mawar Bumbu Kencur Rafael Pedas Gurih,Rp15.000,Lidigeli,Kab. Garut,250+ terjual,4.8
Seblak Instan Pedas Home Made,Rp3.500,kylafood,Bandung,3rb+ terjual,4.9
Seblak pedas kerupuk pedas kiloan 1 kg,Rp35.000,Lidigeli,Kab. Garut,100+ terjual,4.6
Geli Food Seblak Ceker Tanpa Tulang Super Pedas 180gr,Rp24.000,Rav Jaya Display,Kab. Tangerang,100+ terjual,4.8
"Kylafood Paket ( Seblak Original, Batagor, Cireng Rujak, Boci Goang)",Rp86.130,DUO BOCIL SNACK,Depok,750+ terjual,4.9
Geli Food Seblak Ceker Tanpa Tulang Super Pedas 180gr,Rp24.000,dariimyu,Kab. Indramayu,100+ terjual,4.8
SEBLAK INSTAN MOMMY,Rp13.900,Brother Meat Shop,Depok,1rb+ terjual,4.8
Kerupuk Seblak Rafael Pedas / Seblak Mawar Pedes - Duo Bocil Snack,Rp16.000,Pusat Cuankie & Cemilan Frozen,Jakarta Timur,100+ terjual,5.0
KRUPUK STIK RASA UDANG CAP PADI KAPAS KHAS INDRAMAYU BISA BUAT SEBLAK,Rp20.350,the Dhecip,Tangerang Selatan,250+ terjual,4.9
"Seblak Rafael, Seblak Coet Instan Halal",Rp23.750,Brother Meat Shop,Depok,500+ terjual,4.9
SEBLAK INSTANT TERMURAH,Rp4.450,Pusat Cuankie & Cemilan Frozen,Jakarta Timur,10rb+ terjual,4.8
Muria Seblak Stik Cabe Merah Snack 60 gram,Rp5.900,the Dhecip,Tangerang Selatan,250+ terjual,4.9
Seblak Instan Pedas Home Made,Rp3.500,Foodstocks,Jakarta Selatan,3rb+ terjual,4.9
Prabu Snack Kerupuk Seblak Snack 150 gram,Rp9.500,Ebay Store,Kab. Tangerang,100+ terjual,4.9
"Seblak Rafael, Seblak Coet Instan Halal",Rp23.750,LEGIT SNACK,Jakarta Barat,500+ terjual,4.9
SEBLAK INSTANT TERMURAH,Rp4.450,aghniya,Tangerang Selatan,10rb+ terjual,4.8
Seblak Instan Pedas Home Made,Rp3.500,Aydaa Snack,Surakarta,3rb+ terjual,4.9
Seblak Rafael/Seblak Coet Instan Halal,Rp26.600,Keripik Edun Bandung,Kab. Bandung,60+ terjual,5.0
NAAGIH! Seblak Cuanki Baso Aci Boci Instant Kuliner Bandung Pedas Pool,Rp4.888,JAGO TOK PETOK,Surabaya,100+ terjual,5.0
KERUPUK SEBLAK PEDAS / KRUPUK SEBLAK KERING DAUN JERUK PEDES,Rp25.000,Brother Meat Shop,Depok,70+ terjual,4.9
"seblak kering pedas 250 gr/seblak kencur/kerupuk seblak,enak dan gurih",Rp9.999,DUO BOCIL SNACK,Depok,500+ terjual,4.8
SEBRING KRUPUK KERUPUK SEBLAK KERING PEDAS DAUN JERUK 1KG CABE ASLI,Rp16.000,Foodstocks,Jakarta Selatan,100+ terjual,4.9
Kerupuk Seblak Kering Putih Ngembang Khas Keripik Pojok Riki Mang Odod,Rp13.999,Beauty DELUXE,Jakarta Barat,30+ terjual,5.0
kerupuk seblak kering pedas 1 kg keripik hot spicy camilan kekinian,Rp41.000,Markas Makaroni,Kab. Bekasi,100+ terjual,4.9
"Seblak Rafael, Seblak Coet Instan Halal",Rp23.750,Brother Meat Shop,Depok,500+ terjual,4.9
Kerupuk Seblak Rafael Pedas / Seblak Mawar Pedes - Duo Bocil Snack,Rp16.000,Pusat Cuankie & Cemilan Frozen,Jakarta Timur,100+ terjual,5.0
Seblak Rafael/Seblak Coet Instan Halal,Rp26.600,the Dhecip,Tangerang Selatan,60+ terjual,5.0
Seblak RAFAEL | Seblak MAMANG RAFAEL | Seblak Viral ORIGINAL TATANGGA,Rp39.500,Foodstocks,Jakarta Selatan,40+ terjual,4.9
Krupuk seblak mawar rafael pedas 250gram,Rp12.500,Ebay Store,Kab. Tangerang,100+ terjual,4.7
"Seblak Rafael, Seblak Coet Instan Halal",Rp23.750,CamilanJati,Kab. Sidoarjo,500+ terjual,4.9
SEBLAK INSTANT TERMURAH,Rp4.450,Lidigeli,Kab. Garut,10rb+ terjual,4.8
Seblak Instan Pedas Home Made,Rp3.500,the Dhecip,Tangerang Selatan,3rb+ terjual,4.9
Seblak Rafael/Seblak Coet Instan Halal,Rp26.600,RIKI STORE 97,Kab. Bogor,60+ terjual,5.0
NAAGIH! Seblak Cuanki Baso Aci Boci Instant Kuliner Bandung Pedas Pool,Rp4.888,Lidigeli,Kab. Garut,100+ terjual,5.0
[250 gr] Kerupuk Seblak Pedas,Rp11.500,kylafood,Bandung,50+ terjual,5.0
Gelifood Seblak Instan Kerupuk Mawar Bumbu Kencur Rafael Pedas Gurih,Rp15.000,Lidigeli,Kab. Garut,250+ terjual,4.8
Seblak Instan Pedas Home Made,Rp3.500,Rav Jaya Display,Kab. Tangerang,3rb+ terjual,4.9
Seblak pedas kerupuk pedas kiloan 1 kg,Rp35.000,DUO BOCIL SNACK,Depok,100+ terjual,4.6
Geli Food Seblak Ceker Tanpa Tulang Super Pedas 180gr,Rp24.000,dariimyu,Kab. Indramayu,100+ terjual,4.8
"Kylafood Paket ( Seblak Original, Batagor, Cireng Rujak, Boci Goang)",Rp86.130,Brother Meat Shop,Depok,750+ terjual,4.9
Geli Food Seblak Ceker Tanpa Tulang Super Pedas 180gr,Rp24.000,Pusat Cuankie & Cemilan Frozen,Jakarta Timur,100+ terjual,4.8
SEBLAK INSTAN MOMMY,Rp13.900,the Dhecip,Tangerang Selatan,1rb+ terjual,4.8
Kerupuk Seblak Rafael Pedas / Seblak Mawar Pedes - Duo Bocil Snack,Rp16.000,Brother Meat Shop,Depok,100+ terjual,5.0
KRUPUK STIK RASA UDANG CAP PADI KAPAS KHAS INDRAMAYU BISA BUAT SEBLAK,Rp20.350,Pusat Cuankie & Cemilan Frozen,Jakarta Timur,250+ terjual,4.9
"Seblak Rafael, Seblak Coet Instan Halal",Rp23.750,the Dhecip,Tangerang Selatan,500+ terjual,4.9
SEBLAK INSTANT TERMURAH,Rp4.450,Foodstocks,Jakarta Selatan,10rb+ terjual,4.8
Muria Seblak Stik Cabe Merah Snack 60 gram,Rp5.900,Ebay Store,Kab. Tangerang,250+ terjual,4.9
Seblak Instan Pedas Home Made,Rp3.500,LEGIT SNACK,Jakarta Barat,3rb+ terjual,4.9
Prabu Snack Kerupuk Seblak Snack 150 gram,Rp9.500,aghniya,Tangerang Selatan,100+ terjual,4.9
"Seblak Rafael, Seblak Coet Instan Halal",Rp23.750,Aydaa Snack,Surakarta,500+ terjual,4.9
SEBLAK INSTANT TERMURAH,Rp4.450,Keripik Edun Bandung,Kab. Bandung,10rb+ terjual,4.8
Seblak Instan Pedas Home Made,Rp3.500,JAGO TOK PETOK,Surabaya,3rb+ terjual,4.9
Seblak Rafael/Seblak Coet Instan Halal,Rp26.600,Brother Meat Shop,Depok,60+ terjual,5.0
NAAGIH! Seblak Cuanki Baso Aci Boci Instant Kuliner Bandung Pedas Pool,Rp4.888,DUO BOCIL SNACK,Depok,100+ terjual,5.0
KERUPUK SEBLAK PEDAS / KRUPUK SEBLAK KERING DAUN JERUK PEDES,Rp25.000,Foodstocks,Jakarta Selatan,70+ terjual,4.9
"seblak kering pedas 250 gr/seblak kencur/kerupuk seblak,enak dan gurih",Rp9.999,Beauty DELUXE,Jakarta Barat,500+ terjual,4.8
SEBRING KRUPUK KERUPUK SEBLAK KERING PEDAS DAUN JERUK 1KG CABE ASLI,Rp16.000,Markas Makaroni,Kab. Bekasi,100+ terjual,4.9
Kerupuk Seblak Kering Putih Ngembang Khas Keripik Pojok Riki Mang Odod,Rp13.999,Brother Meat Shop,Depok,30+ terjual,5.0
kerupuk seblak kering pedas 1 kg keripik hot spicy camilan kekinian,Rp41.000,Pusat Cuankie & Cemilan Frozen,Jakarta Timur,100+ terjual,4.9
"Seblak Rafael, Seblak Coet Instan Halal",Rp23.750,the Dhecip,Tangerang Selatan,500+ terjual,4.9
Kerupuk Seblak Rafael Pedas / Seblak Mawar Pedes - Duo Bocil Snack,Rp16.000,Foodstocks,Jakarta Selatan,100+ terjual,5.0
Seblak Rafael/Seblak Coet Instan Halal,Rp26.600,Ebay Store,Kab. Tangerang,60+ terjual,5.0
Seblak RAFAEL | Seblak MAMANG RAFAEL | Seblak Viral ORIGINAL TATANGGA,Rp39.500,CamilanJati,Kab. Sidoarjo,40+ terjual,4.9
Krupuk seblak mawar rafael pedas 250gram,Rp12.500,Lidigeli,Kab. Garut,100+ terjual,4.7
"Seblak Rafael, Seblak Coet Instan Halal",Rp23.750,the Dhecip,Tangerang Selatan,500+ terjual,4.9
SEBLAK INSTANT TERMURAH,Rp4.450,RIKI STORE 97,Kab. Bogor,10rb+ terjual,4.8
Seblak Instan Pedas Home Made,Rp3.500,Lidigeli,Kab. Garut,3rb+ terjual,4.9
Seblak Rafael/Seblak Coet Instan Halal,Rp26.600,kylafood,Bandung,60+ terjual,5.0
NAAGIH! Seblak Cuanki Baso Aci Boci Instant Kuliner Bandung Pedas Pool,Rp4.888,Lidigeli,Kab. Garut,100+ terjual,5.0
[250 gr] Kerupuk Seblak Pedas,Rp11.500,Rav Jaya Display,Kab. Tangerang,50+ terjual,5.0
Gelifood Seblak Instan Kerupuk Mawar Bumbu Kencur Rafael Pedas Gurih,Rp15.000,DUO BOCIL SNACK,Depok,250+ terjual,4.8
Seblak Instan Pedas Home Made,Rp3.500,dariimyu,Kab. Indramayu,3rb+ terjual,4.9
Seblak pedas kerupuk pedas kiloan 1 kg,Rp35.000,Brother Meat Shop,Depok,100+ terjual,4.6
Geli Food Seblak Ceker Tanpa Tulang Super Pedas 180gr,Rp24.000,Pusat Cuankie & Cemilan Frozen,Jakarta Timur,100+ terjual,4.8
"Kylafood Paket ( Seblak Original, Batagor, Cireng Rujak, Boci Goang)",Rp86.130,the Dhecip,Tangerang Selatan,750+ terjual,4.9
Geli Food Seblak Ceker Tanpa Tulang Super Pedas 180gr,Rp24.000,Brother Meat Shop,Depok,100+ terjual,4.8
SEBLAK INSTAN MOMMY,Rp13.900,Pusat Cuankie & Cemilan Frozen,Jakarta Timur,1rb+ terjual,4.8
Kerupuk Seblak Rafael Pedas / Seblak Mawar Pedes - Duo Bocil Snack,Rp16.000,the Dhecip,Tangerang Selatan,100+ terjual,5.0
KRUPUK STIK RASA UDANG CAP PADI KAPAS KHAS INDRAMAYU BISA BUAT SEBLAK,Rp20.350,Foodstocks,Jakarta Selatan,250+ terjual,4.9
"Seblak Rafael, Seblak Coet Instan Halal",Rp23.750,Ebay Store,Kab. Tangerang,500+ terjual,4.9
SEBLAK INSTANT TERMURAH,Rp4.450,LEGIT SNACK,Jakarta Barat,10rb+ terjual,4.8
Muria Seblak Stik Cabe Merah Snack 60 gram,Rp5.900,aghniya,Tangerang Selatan,250+ terjual,4.9
Seblak Instan Pedas Home Made,Rp3.500,Aydaa Snack,Surakarta,3rb+ terjual,4.9
Prabu Snack Kerupuk Seblak Snack 150 gram,Rp9.500,Keripik Edun Bandung,Kab. Bandung,100+ terjual,4.9
"Seblak Rafael, Seblak Coet Instan Halal",Rp23.750,JAGO TOK PETOK,Surabaya,500+ terjual,4.9
SEBLAK INSTANT TERMURAH,Rp4.450,Brother Meat Shop,Depok,10rb+ terjual,4.8
Seblak Instan Pedas Home Made,Rp3.500,DUO BOCIL SNACK,Depok,3rb+ terjual,4.9
Seblak Rafael/Seblak Coet Instan Halal,Rp26.600,Foodstocks,Jakarta Selatan,60+ terjual,5.0
NAAGIH! Seblak Cuanki Baso Aci Boci Instant Kuliner Bandung Pedas Pool,Rp4.888,Beauty DELUXE,Jakarta Barat,100+ terjual,5.0
KERUPUK SEBLAK PEDAS / KRUPUK SEBLAK KERING DAUN JERUK PEDES,Rp25.000,Markas Makaroni,Kab. Bekasi,70+ terjual,4.9
"seblak kering pedas 250 gr/seblak kencur/kerupuk seblak,enak dan gurih",Rp9.999,Brother Meat Shop,Depok,500+ terjual,4.8
SEBRING KRUPUK KERUPUK SEBLAK KERING PEDAS DAUN JERUK 1KG CABE ASLI,Rp16.000,Pusat Cuankie & Cemilan Frozen,Jakarta Timur,100+ terjual,4.9
Kerupuk Seblak Kering Putih Ngembang Khas Keripik Pojok Riki Mang Odod,Rp13.999,the Dhecip,Tangerang Selatan,30+ terjual,5.0
kerupuk seblak kering pedas 1 kg keripik hot spicy camilan kekinian,Rp41.000,Foodstocks,Jakarta Selatan,100+ terjual,4.9
"Seblak Rafael, Seblak Coet Instan Halal",Rp23.750,Ebay Store,Kab. Tangerang,500+ terjual,4.9
Kerupuk Seblak Rafael Pedas / Seblak Mawar Pedes - Duo Bocil Snack,Rp16.000,CamilanJati,Kab. Sidoarjo,100+ terjual,5.0
Seblak Rafael/Seblak Coet Instan Halal,Rp26.600,Lidigeli,Kab. Garut,60+ terjual,5.0
Seblak RAFAEL | Seblak MAMANG RAFAEL | Seblak Viral ORIGINAL TATANGGA,Rp39.500,the Dhecip,Tangerang Selatan,40+ terjual,4.9
Krupuk seblak mawar rafael pedas 250gram,Rp12.500,RIKI STORE 97,Kab. Bogor,100+ terjual,4.7
"Seblak Rafael, Seblak Coet Instan Halal",Rp23.750,Lidigeli,Kab. Garut,500+ terjual,4.9
SEBLAK INSTANT TERMURAH,Rp4.450,kylafood,Bandung,10rb+ terjual,4.8
Seblak Instan Pedas Home Made,Rp3.500,Lidigeli,Kab. Garut,3rb+ terjual,4.9
Seblak Rafael/Seblak Coet Instan Halal,Rp26.600,Rav Jaya Display,Kab. Tangerang,60+ terjual,5.0
NAAGIH! Seblak Cuanki Baso Aci Boci Instant Kuliner Bandung Pedas Pool,Rp4.888,DUO BOCIL SNACK,Depok,100+ terjual,5.0
[250 gr] Kerupuk Seblak Pedas,Rp11.500,dariimyu,Kab. Indramayu,50+ terjual,5.0
Gelifood Seblak Instan Kerupuk Mawar Bumbu Kencur Rafael Pedas Gurih,Rp15.000,Brother Meat Shop,Depok,250+ terjual,4.8
Seblak Instan Pedas Home Made,Rp3.500,Pusat Cuankie & Cemilan Frozen,Jakarta Timur,3rb+ terjual,4.9
Seblak pedas kerupuk pedas kiloan 1 kg,Rp35.000,the Dhecip,Tangerang Selatan,100+ terjual,4.6
Geli Food Seblak Ceker Tanpa Tulang Super Pedas 180gr,Rp24.000,Brother Meat Shop,Depok,100+ terjual,4.8
"Kylafood Paket ( Seblak Original, Batagor, Cireng Rujak, Boci Goang)",Rp86.130,Pusat Cuankie & Cemilan Frozen,Jakarta Timur,750+ terjual,4.9
Geli Food Seblak Ceker Tanpa Tulang Super Pedas 180gr,Rp24.000,the Dhecip,Tangerang Selatan,100+ terjual,4.8
SEBLAK INSTAN MOMMY,Rp13.900,Foodstocks,Jakarta Selatan,1rb+ terjual,4.8
Kerupuk Seblak Rafael Pedas / Seblak Mawar Pedes - Duo Bocil Snack,Rp16.000,Ebay Store,Kab. Tangerang,100+ terjual,5.0
KRUPUK STIK RASA UDANG CAP PADI KAPAS KHAS INDRAMAYU BISA BUAT SEBLAK,Rp20.350,LEGIT SNACK,Jakarta Barat,250+ terjual,4.9
"Seblak Rafael, Seblak Coet Instan Halal",Rp23.750,aghniya,Tangerang Selatan,500+ terjual,4.9
SEBLAK INSTANT TERMURAH,Rp4.450,Aydaa Snack,Surakarta,10rb+ terjual,4.8
Muria Seblak Stik Cabe Merah Snack 60 gram,Rp5.900,Keripik Edun Bandung,Kab. Bandung,250+ terjual,4.9
Seblak Instan Pedas Home Made,Rp3.500,JAGO TOK PETOK,Surabaya,3rb+ terjual,4.9
Prabu Snack Kerupuk Seblak Snack 150 gram,Rp9.500,Brother Meat Shop,Depok,100+ terjual,4.9
"Seblak Rafael, Seblak Coet Instan Halal",Rp23.750,DUO BOCIL SNACK,Depok,500+ terjual,4.9
SEBLAK INSTANT TERMURAH,Rp4.450,Foodstocks,Jakarta Selatan,10rb+ terjual,4.8
Seblak Instan Pedas Home Made,Rp3.500,Beauty DELUXE,Jakarta Barat,3rb+ terjual,4.9
Seblak Rafael/Seblak Coet Instan Halal,Rp26.600,Markas Makaroni,Kab. Bekasi,60+ terjual,5.0
NAAGIH! Seblak Cuanki Baso Aci Boci Instant Kuliner Bandung Pedas Pool,Rp4.888,Brother Meat Shop,Depok,100+ terjual,5.0
KERUPUK SEBLAK PEDAS / KRUPUK SEBLAK KERING DAUN JERUK PEDES,Rp25.000,Pusat Cuankie & Cemilan Frozen,Jakarta Timur,70+ terjual,4.9
"seblak kering pedas 250 gr/seblak kencur/kerupuk seblak,enak dan gurih",Rp9.999,the Dhecip,Tangerang Selatan,500+ terjual,4.8
SEBRING KRUPUK KERUPUK SEBLAK KERING PEDAS DAUN JERUK 1KG CABE ASLI,Rp16.000,Foodstocks,Jakarta Selatan,100+ terjual,4.9
Kerupuk Seblak Kering Putih Ngembang Khas Keripik Pojok Riki Mang Odod,Rp13.999,Ebay Store,Kab. Tangerang,30+ terjual,5.0
kerupuk seblak kering pedas 1 kg keripik hot spicy camilan kekinian,Rp41.000,CamilanJati,Kab. Sidoarjo,100+ terjual,4.9
"Seblak Rafael, Seblak Coet Instan Halal",Rp23.750,Lidigeli,Kab. Garut,500+ terjual,4.9
Kerupuk Seblak Rafael Pedas / Seblak Mawar Pedes - Duo Bocil Snack,Rp16.000,the Dhecip,Tangerang Selatan,100+ terjual,5.0
Seblak Rafael/Seblak Coet Instan Halal,Rp26.600,RIKI STORE 97,Kab. Bogor,60+ terjual,5.0
Seblak RAFAEL | Seblak MAMANG RAFAEL | Seblak Viral ORIGINAL TATANGGA,Rp39.500,Lidigeli,Kab. Garut,40+ terjual,4.9
Krupuk seblak mawar rafael pedas 250gram,Rp12.500,kylafood,Bandung,100+ terjual,4.7
"Seblak Rafael, Seblak Coet Instan Halal",Rp23.750,Lidigeli,Kab. Garut,500+ terjual,4.9
SEBLAK INSTANT TERMURAH,Rp4.450,Rav Jaya Display,Kab. Tangerang,10rb+ terjual,4.8
Seblak Instan Pedas Home Made,Rp3.500,DUO BOCIL SNACK,Depok,3rb+ terjual,4.9
Seblak Rafael/Seblak Coet Instan Halal,Rp26.600,dariimyu,Kab. Indramayu,60+ terjual,5.0
NAAGIH! Seblak Cuanki Baso Aci Boci Instant Kuliner Bandung Pedas Pool,Rp4.888,Brother Meat Shop,Depok,100+ terjual,5.0
[250 gr] Kerupuk Seblak Pedas,Rp11.500,Pusat Cuankie & Cemilan Frozen,Jakarta Timur,50+ terjual,5.0
Gelifood Seblak Instan Kerupuk Mawar Bumbu Kencur Rafael Pedas Gurih,Rp15.000,the Dhecip,Tangerang Selatan,250+ terjual,4.8
Seblak Instan Pedas Home Made,Rp3.500,Brother Meat Shop,Depok,3rb+ terjual,4.9
Seblak pedas kerupuk pedas kiloan 1 kg,Rp35.000,Pusat Cuankie & Cemilan Frozen,Jakarta Timur,100+ terjual,4.6
Geli Food Seblak Ceker Tanpa Tulang Super Pedas 180gr,Rp24.000,the Dhecip,Tangerang Selatan,100+ terjual,4.8
"Kylafood Paket ( Seblak Original, Batagor, Cireng Rujak, Boci Goang)",Rp86.130,Foodstocks,Jakarta Selatan,750+ terjual,4.9
Geli Food Seblak Ceker Tanpa Tulang Super Pedas 180gr,Rp24.000,Ebay Store,Kab. Tangerang,100+ terjual,4.8
SEBLAK INSTAN MOMMY,Rp13.900,LEGIT SNACK,Jakarta Barat,1rb+ terjual,4.8
Kerupuk Seblak Rafael Pedas / Seblak Mawar Pedes - Duo Bocil Snack,Rp16.000,aghniya,Tangerang Selatan,100+ terjual,5.0
KRUPUK STIK RASA UDANG CAP PADI KAPAS KHAS INDRAMAYU BISA BUAT SEBLAK,Rp20.350,Aydaa Snack,Surakarta,250+ terjual,4.9
"Seblak Rafael, Seblak Coet Instan Halal",Rp23.750,Keripik Edun Bandung,Kab. Bandung,500+ terjual,4.9
SEBLAK INSTANT TERMURAH,Rp4.450,JAGO TOK PETOK,Surabaya,10rb+ terjual,4.8
Muria Seblak Stik Cabe Merah Snack 60 gram,Rp5.900,Brother Meat Shop,Depok,250+ terjual,4.9
Seblak Instan Pedas Home Made,Rp3.500,DUO BOCIL SNACK,Depok,3rb+ terjual,4.9
Prabu Snack Kerupuk Seblak Snack 150 gram,Rp9.500,Foodstocks,Jakarta Selatan,100+ terjual,4.9
"Seblak Rafael, Seblak Coet Instan Halal",Rp23.750,Beauty DELUXE,Jakarta Barat,500+ terjual,4.9
SEBLAK INSTANT TERMURAH,Rp4.450,Markas Makaroni,Kab. Bekasi,10rb+ terjual,4.8
Seblak Instan Pedas Home Made,Rp3.500,Brother Meat Shop,Depok,3rb+ terjual,4.9
Seblak Rafael/Seblak Coet Instan Halal,Rp26.600,Pusat Cuankie & Cemilan Frozen,Jakarta Timur,60+ terjual,5.0
NAAGIH! Seblak Cuanki Baso Aci Boci Instant Kuliner Bandung Pedas Pool,Rp4.888,the Dhecip,Tangerang Selatan,100+ terjual,5.0
KERUPUK SEBLAK PEDAS / KRUPUK SEBLAK KERING DAUN JERUK PEDES,Rp25.000,Foodstocks,Jakarta Selatan,70+ terjual,4.9
"seblak kering pedas 250 gr/seblak kencur/kerupuk seblak,enak dan gurih",Rp9.999,Ebay Store,Kab. Tangerang,500+ terjual,4.8
SEBRING KRUPUK KERUPUK SEBLAK KERING PEDAS DAUN JERUK 1KG CABE ASLI,Rp16.000,CamilanJati,Kab. Sidoarjo,100+ terjual,4.9
Kerupuk Seblak Kering Putih Ngembang Khas Keripik Pojok Riki Mang Odod,Rp13.999,Lidigeli,Kab. Garut,30+ terjual,5.0
kerupuk seblak kering pedas 1 kg keripik hot spicy camilan kekinian,Rp41.000,the Dhecip,Tangerang Selatan,100+ terjual,4.9
"Seblak Rafael, Seblak Coet Instan Halal",Rp23.750,RIKI STORE 97,Kab. Bogor,500+ terjual,4.9
Kerupuk Seblak Rafael Pedas / Seblak Mawar Pedes - Duo Bocil Snack,Rp16.000,Lidigeli,Kab. Garut,100+ terjual,5.0
Seblak Rafael/Seblak Coet Instan Halal,Rp26.600,kylafood,Bandung,60+ terjual,5.0
Seblak RAFAEL | Seblak MAMANG RAFAEL | Seblak Viral ORIGINAL TATANGGA,Rp39.500,Lidigeli,Kab. Garut,40+ terjual,4.9
Krupuk seblak mawar rafael pedas 250gram,Rp12.500,Rav Jaya Display,Kab. Tangerang,100+ terjual,4.7
"Seblak Rafael, Seblak Coet Instan Halal",Rp23.750,DUO BOCIL SNACK,Depok,500+ terjual,4.9
SEBLAK INSTANT TERMURAH,Rp4.450,dariimyu,Kab. Indramayu,10rb+ terjual,4.8
Seblak Instan Pedas Home Made,Rp3.500,Brother Meat Shop,Depok,3rb+ terjual,4.9
Seblak Rafael/Seblak Coet Instan Halal,Rp26.600,Pusat Cuankie & Cemilan Frozen,Jakarta Timur,60+ terjual,5.0
NAAGIH! Seblak Cuanki Baso Aci Boci Instant Kuliner Bandung Pedas Pool,Rp4.888,the Dhecip,Tangerang Selatan,100+ terjual,5.0
[250 gr] Kerupuk Seblak Pedas,Rp11.500,Brother Meat Shop,Depok,50+ terjual,5.0
Gelifood Seblak Instan Kerupuk Mawar Bumbu Kencur Rafael Pedas Gurih,Rp15.000,Pusat Cuankie & Cemilan Frozen,Jakarta Timur,250+ terjual,4.8
Seblak Instan Pedas Home Made,Rp3.500,the Dhecip,Tangerang Selatan,3rb+ terjual,4.9
Seblak pedas kerupuk pedas kiloan 1 kg,Rp35.000,Foodstocks,Jakarta Selatan,100+ terjual,4.6
Geli Food Seblak Ceker Tanpa Tulang Super Pedas 180gr,Rp24.000,Ebay Store,Kab. Tangerang,100+ terjual,4.8
"Kylafood Paket ( Seblak Original, Batagor, Cireng Rujak, Boci Goang)",Rp86.130,LEGIT SNACK,Jakarta Barat,750+ terjual,4.9
Geli Food Seblak Ceker Tanpa Tulang Super Pedas 180gr,Rp24.000,aghniya,Tangerang Selatan,100+ terjual,4.8
SEBLAK INSTAN MOMMY,Rp13.900,Aydaa Snack,Surakarta,1rb+ terjual,4.8
Kerupuk Seblak Rafael Pedas / Seblak Mawar Pedes - Duo Bocil Snack,Rp16.000,Keripik Edun Bandung,Kab. Bandung,100+ terjual,5.0
KRUPUK STIK RASA UDANG CAP PADI KAPAS KHAS INDRAMAYU BISA BUAT SEBLAK,Rp20.350,JAGO TOK PETOK,Surabaya,250+ terjual,4.9
"Seblak Rafael, Seblak Coet Instan Halal",Rp23.750,Brother Meat Shop,Depok,500+ terjual,4.9
SEBLAK INSTANT TERMURAH,Rp4.450,DUO BOCIL SNACK,Depok,10rb+ terjual,4.8
Muria Seblak Stik Cabe Merah Snack 60 gram,Rp5.900,Foodstocks,Jakarta Selatan,250+ terjual,4.9
Seblak Instan Pedas Home Made,Rp3.500,Beauty DELUXE,Jakarta Barat,3rb+ terjual,4.9
Prabu Snack Kerupuk Seblak Snack 150 gram,Rp9.500,Markas Makaroni,Kab. Bekasi,100+ terjual,4.9
"Seblak Rafael, Seblak Coet Instan Halal",Rp23.750,Brother Meat Shop,Depok,500+ terjual,4.9
SEBLAK INSTANT TERMURAH,Rp4.450,Pusat Cuankie & Cemilan Frozen,Jakarta Timur,10rb+ terjual,4.8
Seblak Instan Pedas Home Made,Rp3.500,the Dhecip,Tangerang Selatan,3rb+ terjual,4.9
Seblak Rafael/Seblak Coet Instan Halal,Rp26.600,Foodstocks,Jakarta Selatan,60+ terjual,5.0
NAAGIH! Seblak Cuanki Baso Aci Boci Instant Kuliner Bandung Pedas Pool,Rp4.888,Ebay Store,Kab. Tangerang,100+ terjual,5.0
KERUPUK SEBLAK PEDAS / KRUPUK SEBLAK KERING DAUN JERUK PEDES,Rp25.000,CamilanJati,Kab. Sidoarjo,70+ terjual,4.9
"seblak kering pedas 250 gr/seblak kencur/kerupuk seblak,enak dan gurih",Rp9.999,Lidigeli,Kab. Garut,500+ terjual,4.8
SEBRING KRUPUK KERUPUK SEBLAK KERING PEDAS DAUN JERUK 1KG CABE ASLI,Rp16.000,the Dhecip,Tangerang Selatan,100+ terjual,4.9
Kerupuk Seblak Kering Putih Ngembang Khas Keripik Pojok Riki Mang Odod,Rp13.999,RIKI STORE 97,Kab. Bogor,30+ terjual,5.0
kerupuk seblak kering pedas 1 kg keripik hot spicy camilan kekinian,Rp41.000,Lidigeli,Kab. Garut,100+ terjual,4.9
"Seblak Rafael, Seblak Coet Instan Halal",Rp23.750,kylafood,Bandung,500+ terjual,4.9
Kerupuk Seblak Rafael Pedas / Seblak Mawar Pedes - Duo Bocil Snack,Rp16.000,Lidigeli,Kab. Garut,100+ terjual,5.0
Seblak Rafael/Seblak Coet Instan Halal,Rp26.600,Rav Jaya Display,Kab. Tangerang,60+ terjual,5.0
Seblak RAFAEL | Seblak MAMANG RAFAEL | Seblak Viral ORIGINAL TATANGGA,Rp39.500,DUO BOCIL SNACK,Depok,40+ terjual,4.9
Krupuk seblak mawar rafael pedas 250gram,Rp12.500,dariimyu,Kab. Indramayu,100+ terjual,4.7
"Seblak Rafael, Seblak Coet Instan Halal",Rp23.750,Brother Meat Shop,Depok,500+ terjual,4.9
SEBLAK INSTANT TERMURAH,Rp4.450,Pusat Cuankie & Cemilan Frozen,Jakarta Timur,10rb+ terjual,4.8
Seblak Instan Pedas Home Made,Rp3.500,the Dhecip,Tangerang Selatan,3rb+ terjual,4.9
Seblak Rafael/Seblak Coet Instan Halal,Rp26.600,Brother Meat Shop,Depok,60+ terjual,5.0
NAAGIH! Seblak Cuanki Baso Aci Boci Instant Kuliner Bandung Pedas Pool,Rp4.888,Pusat Cuankie & Cemilan Frozen,Jakarta Timur,100+ terjual,5.0
[250 gr] Kerupuk Seblak Pedas,Rp11.500,the Dhecip,Tangerang Selatan,50+ terjual,5.0
Gelifood Seblak Instan Kerupuk Mawar Bumbu Kencur Rafael Pedas Gurih,Rp15.000,Foodstocks,Jakarta Selatan,250+ terjual,4.8
Seblak Instan Pedas Home Made,Rp3.500,Ebay Store,Kab. Tangerang,3rb+ terjual,4.9
Seblak pedas kerupuk pedas kiloan 1 kg,Rp35.000,LEGIT SNACK,Jakarta Barat,100+ terjual,4.6
Geli Food Seblak Ceker Tanpa Tulang Super Pedas 180gr,Rp24.000,aghniya,Tangerang Selatan,100+ terjual,4.8
Kylafood Mix Fav Selebgram Seblak Original & Batagor kuah,Rp44.340,Aydaa Snack,Surakarta,100+ terjual,4.8
Kylafood Paket (3 Seblak Original 2 Batagor kuah) ,Rp97.200,Keripik Edun Bandung,Kab. Bandung,3 rb+ terjual,4.9
Kylafood Seblak Cup,Rp12.788,JAGO TOK PETOK,Surabaya,100+ terjual,4.8
"Kylafood Paket ( Seblak Original, Batagor, Cireng Rujak, Boci Goang)",Rp86.130,Brother Meat Shop,Depok,750+ terjual,4.9
Geli Food Seblak Ceker Tanpa Tulang Super Pedas 180gr,Rp24.000,DUO BOCIL SNACK,Depok,100+ terjual,4.8
SEBLAK INSTAN MOMMY,Rp13.900,Foodstocks,Jakarta Selatan,1rb+ terjual,4.8
Kerupuk Seblak Rafael Pedas / Seblak Mawar Pedes - Duo Bocil Snack,Rp16.000,Beauty DELUXE,Jakarta Barat,100+ terjual,5.0
KRUPUK STIK RASA UDANG CAP PADI KAPAS KHAS INDRAMAYU BISA BUAT SEBLAK,Rp20.350,Markas Makaroni,Kab. Bekasi,250+ terjual,4.9
"Seblak Rafael, Seblak Coet Instan Halal",Rp23.750,Brother Meat Shop,Depok,500+ terjual,4.9
SEBLAK INSTANT TERMURAH,Rp4.450,Pusat Cuankie & Cemilan Frozen,Jakarta Timur,10rb+ terjual,4.8
Muria Seblak Stik Cabe Merah Snack 60 gram,Rp5.900,the Dhecip,Tangerang Selatan,250+ terjual,4.9
Seblak Instan Pedas Home Made,Rp3.500,Foodstocks,Jakarta Selatan,3rb+ terjual,4.9
Prabu Snack Kerupuk Seblak Snack 150 gram,Rp9.500,Ebay Store,Kab. Tangerang,100+ terjual,4.9
"Seblak Rafael, Seblak Coet Instan Halal",Rp23.750,CamilanJati,Kab. Sidoarjo,500+ terjual,4.9
SEBLAK INSTANT TERMURAH,Rp4.450,Lidigeli,Kab. Garut,10rb+ terjual,4.8
Seblak Instan Pedas Home Made,Rp3.500,the Dhecip,Tangerang Selatan,3rb+ terjual,4.9
Seblak Rafael/Seblak Coet Instan Halal,Rp26.600,RIKI STORE 97,Kab. Bogor,60+ terjual,5.0
NAAGIH! Seblak Cuanki Baso Aci Boci Instant Kuliner Bandung Pedas Pool,Rp4.888,Lidigeli,Kab. Garut,100+ terjual,5.0
KERUPUK SEBLAK PEDAS / KRUPUK SEBLAK KERING DAUN JERUK PEDES,Rp25.000,kylafood,Bandung,70+ terjual,4.9
"seblak kering pedas 250 gr/seblak kencur/kerupuk seblak,enak dan gurih",Rp9.999,Lidigeli,Kab. Garut,500+ terjual,4.8
SEBRING KRUPUK KERUPUK SEBLAK KERING PEDAS DAUN JERUK 1KG CABE ASLI,Rp16.000,Rav Jaya Display,Kab. Tangerang,100+ terjual,4.9
Kerupuk Seblak Kering Putih Ngembang Khas Keripik Pojok Riki Mang Odod,Rp13.999,DUO BOCIL SNACK,Depok,30+ terjual,5.0
kerupuk seblak kering pedas 1 kg keripik hot spicy camilan kekinian,Rp41.000,dariimyu,Kab. Indramayu,100+ terjual,4.9
"Seblak Rafael, Seblak Coet Instan Halal",Rp23.750,Brother Meat Shop,Depok,500+ terjual,4.9
Kerupuk Seblak Rafael Pedas / Seblak Mawar Pedes - Duo Bocil Snack,Rp16.000,Pusat Cuankie & Cemilan Frozen,Jakarta Timur,100+ terjual,5.0
Seblak Rafael/Seblak Coet Instan Halal,Rp26.600,the Dhecip,Tangerang Selatan,60+ terjual,5.0
Seblak RAFAEL | Seblak MAMANG RAFAEL | Seblak Viral ORIGINAL TATANGGA,Rp39.500,Brother Meat Shop,Depok,40+ terjual,4.9
Krupuk seblak mawar rafael pedas 250gram,Rp12.500,Pusat Cuankie & Cemilan Frozen,Jakarta Timur,100+ terjual,4.7
"Seblak Rafael, Seblak Coet Instan Halal",Rp23.750,the Dhecip,Tangerang Selatan,500+ terjual,4.9
SEBLAK INSTANT TERMURAH,Rp4.450,Foodstocks,Jakarta Selatan,10rb+ terjual,4.8
Seblak Instan Pedas Home Made,Rp3.500,Ebay Store,Kab. Tangerang,3rb+ terjual,4.9
Seblak Rafael/Seblak Coet Instan Halal,Rp26.600,LEGIT SNACK,Jakarta Barat,60+ terjual,5.0
NAAGIH! Seblak Cuanki Baso Aci Boci Instant Kuliner Bandung Pedas Pool,Rp4.888,aghniya,Tangerang Selatan,100+ terjual,5.0
[250 gr] Kerupuk Seblak Pedas,Rp11.500,Aydaa Snack,Surakarta,50+ terjual,5.0
Gelifood Seblak Instan Kerupuk Mawar Bumbu Kencur Rafael Pedas Gurih,Rp15.000,Keripik Edun Bandung,Kab. Bandung,250+ terjual,4.8
Seblak Instan Pedas Home Made,Rp3.500,JAGO TOK PETOK,Surabaya,3rb+ terjual,4.9
Seblak pedas kerupuk pedas kiloan 1 kg,Rp35.000,Brother Meat Shop,Depok,100+ terjual,4.6
Geli Food Seblak Ceker Tanpa Tulang Super Pedas 180gr,Rp24.000,DUO BOCIL SNACK,Depok,100+ terjual,4.8
Kylafood Paket (3 Seblak Original 2 Batagor kuah) ,Rp97.200,Foodstocks,Jakarta Selatan,3 rb+ terjual,4.9
Seblak Karuhun,Rp11.880,Beauty DELUXE,Jakarta Barat,60+ terjual,5.0
Kylafood Seblak Mie Baso Sapi Play,Rp24.200,Markas Makaroni,Kab. Bekasi,250+ terjual,4.9
"Kylafood Paket ( Seblak Original, Batagor, Cireng Rujak, Boci Goang)",Rp86.130,Brother Meat Shop,Depok,750+ terjual,4.9
Geli Food Seblak Ceker Tanpa Tulang Super Pedas 180gr,Rp24.000,Pusat Cuankie & Cemilan Frozen,Jakarta Timur,100+ terjual,4.8
SEBLAK INSTAN MOMMY,Rp13.900,the Dhecip,Tangerang Selatan,1rb+ terjual,4.8
Kerupuk Seblak Rafael Pedas / Seblak Mawar Pedes - Duo Bocil Snack,Rp16.000,Foodstocks,Jakarta Selatan,100+ terjual,5.0
KRUPUK STIK RASA UDANG CAP PADI KAPAS KHAS INDRAMAYU BISA BUAT SEBLAK,Rp20.350,Ebay Store,Kab. Tangerang,250+ terjual,4.9
"Seblak Rafael, Seblak Coet Instan Halal",Rp23.750,CamilanJati,Kab. Sidoarjo,500+ terjual,4.9
SEBLAK INSTANT TERMURAH,Rp4.450,Lidigeli,Kab. Garut,10rb+ terjual,4.8
Muria Seblak Stik Cabe Merah Snack 60 gram,Rp5.900,the Dhecip,Tangerang Selatan,250+ terjual,4.9
Seblak Instan Pedas Home Made,Rp3.500,RIKI STORE 97,Kab. Bogor,3rb+ terjual,4.9
Prabu Snack Kerupuk Seblak Snack 150 gram,Rp9.500,Lidigeli,Kab. Garut,100+ terjual,4.9
"Seblak Rafael, Seblak Coet Instan Halal",Rp23.750,kylafood,Bandung,500+ terjual,4.9
SEBLAK INSTANT TERMURAH,Rp4.450,Lidigeli,Kab. Garut,10rb+ terjual,4.8
Seblak Instan Pedas Home Made,Rp3.500,Rav Jaya Display,Kab. Tangerang,3rb+ terjual,4.9
Seblak Rafael/Seblak Coet Instan Halal,Rp26.600,DUO BOCIL SNACK,Depok,60+ terjual,5.0
NAAGIH! Seblak Cuanki Baso Aci Boci Instant Kuliner Bandung Pedas Pool,Rp4.888,dariimyu,Kab. Indramayu,100+ terjual,5.0
KERUPUK SEBLAK PEDAS / KRUPUK SEBLAK KERING DAUN JERUK PEDES,Rp25.000,Brother Meat Shop,Depok,70+ terjual,4.9
"seblak kering pedas 250 gr/seblak kencur/kerupuk seblak,enak dan gurih",Rp9.999,Pusat Cuankie & Cemilan Frozen,Jakarta Timur,500+ terjual,4.8
SEBRING KRUPUK KERUPUK SEBLAK KERING PEDAS DAUN JERUK 1KG CABE ASLI,Rp16.000,the Dhecip,Tangerang Selatan,100+ terjual,4.9
Kerupuk Seblak Kering Putih Ngembang Khas Keripik Pojok Riki Mang Odod,Rp13.999,Brother Meat Shop,Depok,30+ terjual,5.0
kerupuk seblak kering pedas 1 kg keripik hot spicy camilan kekinian,Rp41.000,Pusat Cuankie & Cemilan Frozen,Jakarta Timur,100+ terjual,4.9
"Seblak Rafael, Seblak Coet Instan Halal",Rp23.750,the Dhecip,Tangerang Selatan,500+ terjual,4.9
Kerupuk Seblak Rafael Pedas / Seblak Mawar Pedes - Duo Bocil Snack,Rp16.000,Foodstocks,Jakarta Selatan,100+ terjual,5.0
Seblak Rafael/Seblak Coet Instan Halal,Rp26.600,Ebay Store,Kab. Tangerang,60+ terjual,5.0
Seblak RAFAEL | Seblak MAMANG RAFAEL | Seblak Viral ORIGINAL TATANGGA,Rp39.500,LEGIT SNACK,Jakarta Barat,40+ terjual,4.9
Krupuk seblak mawar rafael pedas 250gram,Rp12.500,aghniya,Tangerang Selatan,100+ terjual,4.7
"Seblak Rafael, Seblak Coet Instan Halal",Rp23.750,Aydaa Snack,Surakarta,500+ terjual,4.9
SEBLAK INSTANT TERMURAH,Rp4.450,Keripik Edun Bandung,Kab. Bandung,10rb+ terjual,4.8
Seblak Instan Pedas Home Made,Rp3.500,JAGO TOK PETOK,Surabaya,3rb+ terjual,4.9
Seblak Rafael/Seblak Coet Instan Halal,Rp26.600,Brother Meat Shop,Depok,60+ terjual,5.0
NAAGIH! Seblak Cuanki Baso Aci Boci Instant Kuliner Bandung Pedas Pool,Rp4.888,DUO BOCIL SNACK,Depok,100+ terjual,5.0
[250 gr] Kerupuk Seblak Pedas,Rp11.500,Foodstocks,Jakarta Selatan,50+ terjual,5.0
Gelifood Seblak Instan Kerupuk Mawar Bumbu Kencur Rafael Pedas Gurih,Rp15.000,Beauty DELUXE,Jakarta Barat,250+ terjual,4.8
Seblak Instan Pedas Home Made,Rp3.500,Markas Makaroni,Kab. Bekasi,3rb+ terjual,4.9
Seblak pedas kerupuk pedas kiloan 1 kg,Rp35.000,Brother Meat Shop,Depok,100+ terjual,4.6
Geli Food Seblak Ceker Tanpa Tulang Super Pedas 180gr,Rp24.000,Pusat Cuankie & Cemilan Frozen,Jakarta Timur,100+ terjual,4.8
 Kylafood Seblak karuhun,Rp10.800,the Dhecip,Tangerang Selatan,4 rb+ terjual,4.8
Kylafood Mix Fav Selebgram Seblak Original & Batagor kuah,Rp44.340,Foodstocks,Jakarta Selatan,100+ terjual,4.8
Kylafood Paket (3 Seblak Original 2 Batagor kuah) ,Rp97.200,Ebay Store,Kab. Tangerang,3 rb+ terjual,4.9
"Kylafood Paket ( Seblak Original, Batagor, Cireng Rujak, Boci Goang)",Rp86.130,CamilanJati,Kab. Sidoarjo,750+ terjual,4.9
Geli Food Seblak Ceker Tanpa Tulang Super Pedas 180gr,Rp24.000,Lidigeli,Kab. Garut,100+ terjual,4.8
SEBLAK INSTAN MOMMY,Rp13.900,the Dhecip,Tangerang Selatan,1rb+ terjual,4.8
Kerupuk Seblak Rafael Pedas / Seblak Mawar Pedes - Duo Bocil Snack,Rp16.000,RIKI STORE 97,Kab. Bogor,100+ terjual,5.0
KRUPUK STIK RASA UDANG CAP PADI KAPAS KHAS INDRAMAYU BISA BUAT SEBLAK,Rp20.350,Lidigeli,Kab. Garut,250+ terjual,4.9
"Seblak Rafael, Seblak Coet Instan Halal",Rp23.750,kylafood,Bandung,500+ terjual,4.9
SEBLAK INSTANT TERMURAH,Rp4.450,Lidigeli,Kab. Garut,10rb+ terjual,4.8
Muria Seblak Stik Cabe Merah Snack 60 gram,Rp5.900,Rav Jaya Display,Kab. Tangerang,250+ terjual,4.9
Seblak Instan Pedas Home Made,Rp3.500,DUO BOCIL SNACK,Depok,3rb+ terjual,4.9
Prabu Snack Kerupuk Seblak Snack 150 gram,Rp9.500,dariimyu,Kab. Indramayu,100+ terjual,4.9
"Seblak Rafael, Seblak Coet Instan Halal",Rp23.750,Brother Meat Shop,Depok,500+ terjual,4.9
SEBLAK INSTANT TERMURAH,Rp4.450,Pusat Cuankie & Cemilan Frozen,Jakarta Timur,10rb+ terjual,4.8
Seblak Instan Pedas Home Made,Rp3.500,the Dhecip,Tangerang Selatan,3rb+ terjual,4.9
Seblak Rafael/Seblak Coet Instan Halal,Rp26.600,Brother Meat Shop,Depok,60+ terjual,5.0
NAAGIH! Seblak Cuanki Baso Aci Boci Instant Kuliner Bandung Pedas Pool,Rp4.888,Pusat Cuankie & Cemilan Frozen,Jakarta Timur,100+ terjual,5.0
KERUPUK SEBLAK PEDAS / KRUPUK SEBLAK KERING DAUN JERUK PEDES,Rp25.000,the Dhecip,Tangerang Selatan,70+ terjual,4.9
"seblak kering pedas 250 gr/seblak kencur/kerupuk seblak,enak dan gurih",Rp9.999,Foodstocks,Jakarta Selatan,500+ terjual,4.8
SEBRING KRUPUK KERUPUK SEBLAK KERING PEDAS DAUN JERUK 1KG CABE ASLI,Rp16.000,Ebay Store,Kab. Tangerang,100+ terjual,4.9
Kerupuk Seblak Kering Putih Ngembang Khas Keripik Pojok Riki Mang Odod,Rp13.999,LEGIT SNACK,Jakarta Barat,30+ terjual,5.0
kerupuk seblak kering pedas 1 kg keripik hot spicy camilan kekinian,Rp41.000,aghniya,Tangerang Selatan,100+ terjual,4.9
"Seblak Rafael, Seblak Coet Instan Halal",Rp23.750,Aydaa Snack,Surakarta,500+ terjual,4.9
Kerupuk Seblak Rafael Pedas / Seblak Mawar Pedes - Duo Bocil Snack,Rp16.000,Keripik Edun Bandung,Kab. Bandung,100+ terjual,5.0
Seblak Rafael/Seblak Coet Instan Halal,Rp26.600,JAGO TOK PETOK,Surabaya,60+ terjual,5.0
Seblak RAFAEL | Seblak MAMANG RAFAEL | Seblak Viral ORIGINAL TATANGGA,Rp39.500,Brother Meat Shop,Depok,40+ terjual,4.9
Krupuk seblak mawar rafael pedas 250gram,Rp12.500,DUO BOCIL SNACK,Depok,100+ terjual,4.7
"Seblak Rafael, Seblak Coet Instan Halal",Rp23.750,Foodstocks,Jakarta Selatan,500+ terjual,4.9
SEBLAK INSTANT TERMURAH,Rp4.450,Beauty DELUXE,Jakarta Barat,10rb+ terjual,4.8
Seblak Instan Pedas Home Made,Rp3.500,Markas Makaroni,Kab. Bekasi,3rb+ terjual,4.9
Seblak Rafael/Seblak Coet Instan Halal,Rp26.600,Brother Meat Shop,Depok,60+ terjual,5.0
NAAGIH! Seblak Cuanki Baso Aci Boci Instant Kuliner Bandung Pedas Pool,Rp4.888,Pusat Cuankie & Cemilan Frozen,Jakarta Timur,100+ terjual,5.0
[250 gr] Kerupuk Seblak Pedas,Rp11.500,the Dhecip,Tangerang Selatan,50+ terjual,5.0
Gelifood Seblak Instan Kerupuk Mawar Bumbu Kencur Rafael Pedas Gurih,Rp15.000,Foodstocks,Jakarta Selatan,250+ terjual,4.8
Seblak Instan Pedas Home Made,Rp3.500,Ebay Store,Kab. Tangerang,3rb+ terjual,4.9
Seblak pedas kerupuk pedas kiloan 1 kg,Rp35.000,CamilanJati,Kab. Sidoarjo,100+ terjual,4.6
Geli Food Seblak Ceker Tanpa Tulang Super Pedas 180gr,Rp24.000,Lidigeli,Kab. Garut,100+ terjual,4.8
Kylafood Seblak Cup,Rp12.788,the Dhecip,Tangerang Selatan,100+ terjual,4.8
Kylafood Seblak Rempah Autentik isi (5pcs),Rp46.325,RIKI STORE 97,Kab. Bogor,250+ terjual,4.7
Kylafood Seblak Mie Baso Sapi Play,Rp24.200,Lidigeli,Kab. Garut,250+ terjual,4.9
"Kylafood Paket ( Seblak Original, Batagor, Cireng Rujak, Boci Goang)",Rp86.130,Lidigeli,Kab. Garut,750+ terjual,4.9
Geli Food Seblak Ceker Tanpa Tulang Super Pedas 180gr,Rp24.000,kylafood,Bandung,100+ terjual,4.8
SEBLAK INSTAN MOMMY,Rp13.900,dariimyu,Kab. Indramayu,1rb+ terjual,4.8
Kerupuk Seblak Rafael Pedas / Seblak Mawar Pedes - Duo Bocil Snack,Rp16.000,oke snack,Jakarta Selatan,100+ terjual,5.0
KRUPUK STIK RASA UDANG CAP PADI KAPAS KHAS INDRAMAYU BISA BUAT SEBLAK,Rp20.350,CUANKI CULAMETAN,Kab. Garut,250+ terjual,4.9
"Seblak Rafael, Seblak Coet Instan Halal",Rp23.750,Brother Meat Shop,Depok,500+ terjual,4.9
SEBLAK INSTANT TERMURAH,Rp4.450,Pusat Cuankie & Cemilan Frozen,Jakarta Timur,10rb+ terjual,4.8
Muria Seblak Stik Cabe Merah Snack 60 gram,Rp5.900,the Dhecip,Tangerang Selatan,250+ terjual,4.9
Seblak Instan Pedas Home Made,Rp3.500,Brother Meat Shop,Depok,3rb+ terjual,4.9
Prabu Snack Kerupuk Seblak Snack 150 gram,Rp9.500,Pusat Cuankie & Cemilan Frozen,Jakarta Timur,100+ terjual,4.9
"Seblak Rafael, Seblak Coet Instan Halal",Rp23.750,the Dhecip,Tangerang Selatan,500+ terjual,4.9
SEBLAK INSTANT TERMURAH,Rp4.450,Foodstocks,Jakarta Selatan,10rb+ terjual,4.8
Seblak Instan Pedas Home Made,Rp3.500,Ebay Store,Kab. Tangerang,3rb+ terjual,4.9
Seblak Rafael/Seblak Coet Instan Halal,Rp26.600,LEGIT SNACK,Jakarta Barat,60+ terjual,5.0
NAAGIH! Seblak Cuanki Baso Aci Boci Instant Kuliner Bandung Pedas Pool,Rp4.888,aghniya,Tangerang Selatan,100+ terjual,5.0
KERUPUK SEBLAK PEDAS / KRUPUK SEBLAK KERING DAUN JERUK PEDES,Rp25.000,Aydaa Snack,Surakarta,70+ terjual,4.9
"seblak kering pedas 250 gr/seblak kencur/kerupuk seblak,enak dan gurih",Rp9.999,Keripik Edun Bandung,Kab. Bandung,500+ terjual,4.8
SEBRING KRUPUK KERUPUK SEBLAK KERING PEDAS DAUN JERUK 1KG CABE ASLI,Rp16.000,JAGO TOK PETOK,Surabaya,100+ terjual,4.9
Kerupuk Seblak Kering Putih Ngembang Khas Keripik Pojok Riki Mang Odod,Rp13.999,Brother Meat Shop,Depok,30+ terjual,5.0
kerupuk seblak kering pedas 1 kg keripik hot spicy camilan kekinian,Rp41.000,DUO BOCIL SNACK,Depok,100+ terjual,4.9
"Seblak Rafael, Seblak Coet Instan Halal",Rp23.750,Foodstocks,Jakarta Selatan,500+ terjual,4.9
Kerupuk Seblak Rafael Pedas / Seblak Mawar Pedes - Duo Bocil Snack,Rp16.000,Beauty DELUXE,Jakarta Barat,100+ terjual,5.0
Seblak Rafael/Seblak Coet Instan Halal,Rp26.600,Markas Makaroni,Kab. Bekasi,60+ terjual,5.0
Seblak RAFAEL | Seblak MAMANG RAFAEL | Seblak Viral ORIGINAL TATANGGA,Rp39.500,Brother Meat Shop,Depok,40+ terjual,4.9
Krupuk seblak mawar rafael pedas 250gram,Rp12.500,Pusat Cuankie & Cemilan Frozen,Jakarta Timur,100+ terjual,4.7
"Seblak Rafael, Seblak Coet Instan Halal",Rp23.750,the Dhecip,Tangerang Selatan,500+ terjual,4.9
SEBLAK INSTANT TERMURAH,Rp4.450,Foodstocks,Jakarta Selatan,10rb+ terjual,4.8
Seblak Instan Pedas Home Made,Rp3.500,Ebay Store,Kab. Tangerang,3rb+ terjual,4.9
Seblak Rafael/Seblak Coet Instan Halal,Rp26.600,CamilanJati,Kab. Sidoarjo,60+ terjual,5.0
NAAGIH! Seblak Cuanki Baso Aci Boci Instant Kuliner Bandung Pedas Pool,Rp4.888,Lidigeli,Kab. Garut,100+ terjual,5.0
[250 gr] Kerupuk Seblak Pedas,Rp11.500,the Dhecip,Tangerang Selatan,50+ terjual,5.0
Gelifood Seblak Instan Kerupuk Mawar Bumbu Kencur Rafael Pedas Gurih,Rp15.000,RIKI STORE 97,Kab. Bogor,250+ terjual,4.8
Seblak Instan Pedas Home Made,Rp3.500,Lidigeli,Kab. Garut,3rb+ terjual,4.9
Seblak pedas kerupuk pedas kiloan 1 kg,Rp35.000,kylafood,Bandung,100+ terjual,4.6
Geli Food Seblak Ceker Tanpa Tulang Super Pedas 180gr,Rp24.000,Lidigeli,Kab. Garut,100+ terjual,4.8
 Kylafood Seblak karuhun,Rp10.800,Rav Jaya Display,Kab. Tangerang,4 rb+ terjual,4.8
Kylafood Seblak Mie Baso,Rp24.200,DUO BOCIL SNACK,Depok,4 rb+ terjual,4.9
Kylafood Seblak Mie Baso Sapi Play,Rp24.200,dariimyu,Kab. Indramayu,250+ terjual,4.9
Geli Food Seblak Ceker Tanpa Tulang Super Pedas 180gr,Rp24.000,Brother Meat Shop,Depok,100+ terjual,4.8
Kylafood Seblak Original Isi 10 pcs,Rp172.000,Pusat Cuankie & Cemilan Frozen,Jakarta Timur,25 terjual,4.7
KRUPUK STIK RASA UDANG CAP PADI KAPAS KHAS INDRAMAYU BISA BUAT SEBLAK,Rp20.350,the Dhecip,Tangerang Selatan,250+ terjual,4.9
seblak kencur / okesnack,Rp10.000,Brother Meat Shop,Depok,750+ terjual,4.9
cuanki tahu kering seblak isi 50 pcs toping seblak baso aci,Rp12.500,Pusat Cuankie & Cemilan Frozen,Jakarta Timur,500+ terjual,4.9
"Seblak Rafael, Seblak Coet Instan Halal",Rp23.750,the Dhecip,Tangerang Selatan,500+ terjual,4.9
SEBLAK INSTANT TERMURAH,Rp4.450,Foodstocks,Jakarta Selatan,10rb+ terjual,4.8
Muria Seblak Stik Cabe Merah Snack 60 gram,Rp5.900,Ebay Store,Kab. Tangerang,250+ terjual,4.9
Seblak Instan Pedas Home Made,Rp3.500,LEGIT SNACK,Jakarta Barat,3rb+ terjual,4.9
Prabu Snack Kerupuk Seblak Snack 150 gram,Rp9.500,aghniya,Tangerang Selatan,100+ terjual,4.9
"Seblak Rafael, Seblak Coet Instan Halal",Rp23.750,Aydaa Snack,Surakarta,500+ terjual,4.9
SEBLAK INSTANT TERMURAH,Rp4.450,Keripik Edun Bandung,Kab. Bandung,10rb+ terjual,4.8
Seblak Instan Pedas Home Made,Rp3.500,JAGO TOK PETOK,Surabaya,3rb+ terjual,4.9
Seblak Rafael/Seblak Coet Instan Halal,Rp26.600,Brother Meat Shop,Depok,60+ terjual,5.0
NAAGIH! Seblak Cuanki Baso Aci Boci Instant Kuliner Bandung Pedas Pool,Rp4.888,DUO BOCIL SNACK,Depok,100+ terjual,5.0
KERUPUK SEBLAK PEDAS / KRUPUK SEBLAK KERING DAUN JERUK PEDES,Rp25.000,Foodstocks,Jakarta Selatan,70+ terjual,4.9
"seblak kering pedas 250 gr/seblak kencur/kerupuk seblak,enak dan gurih",Rp9.999,Beauty DELUXE,Jakarta Barat,500+ terjual,4.8
SEBRING KRUPUK KERUPUK SEBLAK KERING PEDAS DAUN JERUK 1KG CABE ASLI,Rp16.000,Markas Makaroni,Kab. Bekasi,100+ terjual,4.9
Kerupuk Seblak Kering Putih Ngembang Khas Keripik Pojok Riki Mang Odod,Rp13.999,Brother Meat Shop,Depok,30+ terjual,5.0
kerupuk seblak kering pedas 1 kg keripik hot spicy camilan kekinian,Rp41.000,Pusat Cuankie & Cemilan Frozen,Jakarta Timur,100+ terjual,4.9
"Seblak Rafael, Seblak Coet Instan Halal",Rp23.750,the Dhecip,Tangerang Selatan,500+ terjual,4.9
Kerupuk Seblak Rafael Pedas / Seblak Mawar Pedes - Duo Bocil Snack,Rp16.000,Foodstocks,Jakarta Selatan,100+ terjual,5.0
Seblak Rafael/Seblak Coet Instan Halal,Rp26.600,Ebay Store,Kab. Tangerang,60+ terjual,5.0
Seblak RAFAEL | Seblak MAMANG RAFAEL | Seblak Viral ORIGINAL TATANGGA,Rp39.500,CamilanJati,Kab. Sidoarjo,40+ terjual,4.9
Krupuk seblak mawar rafael pedas 250gram,Rp12.500,Lidigeli,Kab. Garut,100+ terjual,4.7
"Seblak Rafael, Seblak Coet Instan Halal",Rp23.750,the Dhecip,Tangerang Selatan,500+ terjual,4.9
SEBLAK INSTANT TERMURAH,Rp4.450,RIKI STORE 97,Kab. Bogor,10rb+ terjual,4.8
Seblak Instan Pedas Home Made,Rp3.500,Lidigeli,Kab. Garut,3rb+ terjual,4.9
Seblak Rafael/Seblak Coet Instan Halal,Rp26.600,Lidigeli,Kab. Garut,60+ terjual,5.0
NAAGIH! Seblak Cuanki Baso Aci Boci Instant Kuliner Bandung Pedas Pool,Rp4.888,kylafood,Bandung,100+ terjual,5.0
[250 gr] Kerupuk Seblak Pedas,Rp11.500,dariimyu,Kab. Indramayu,50+ terjual,5.0
Gelifood Seblak Instan Kerupuk Mawar Bumbu Kencur Rafael Pedas Gurih,Rp15.000,oke snack,Jakarta Selatan,250+ terjual,4.8
Seblak Instan Pedas Home Made,Rp3.500,CUANKI CULAMETAN,Kab. Garut,3rb+ terjual,4.9
Seblak pedas kerupuk pedas kiloan 1 kg,Rp35.000,Brother Meat Shop,Depok,100+ terjual,4.6
Geli Food Seblak Ceker Tanpa Tulang Super Pedas 180gr,Rp24.000,Pusat Cuankie & Cemilan Frozen,Jakarta Timur,100+ terjual,4.8
 Kylafood Seblak karuhun,Rp10.800,the Dhecip,Tangerang Selatan,4 rb+ terjual,4.8
Kylafood Seblak Mie Baso Sapi Play,Rp24.200,Brother Meat Shop,Depok,250+ terjual,4.9
Kylafood Seblak Cup,Rp12.788,Pusat Cuankie & Cemilan Frozen,Jakarta Timur,100+ terjual,4.8
"Kylafood Paket ( Seblak Original, Batagor, Cireng Rujak, Boci Goang)",Rp86.130,the Dhecip,Tangerang Selatan,750+ terjual,4.9
Geli Food Seblak Ceker Tanpa Tulang Super Pedas 180gr,Rp24.000,Foodstocks,Jakarta Selatan,100+ terjual,4.8
SEBLAK INSTAN MOMMY,Rp13.900,Ebay Store,Kab. Tangerang,1rb+ terjual,4.8
Kerupuk Seblak Rafael Pedas / Seblak Mawar Pedes - Duo Bocil Snack,Rp16.000,LEGIT SNACK,Jakarta Barat,100+ terjual,5.0
KRUPUK STIK RASA UDANG CAP PADI KAPAS KHAS INDRAMAYU BISA BUAT SEBLAK,Rp20.350,aghniya,Tangerang Selatan,250+ terjual,4.9
"Seblak Rafael, Seblak Coet Instan Halal",Rp23.750,Aydaa Snack,Surakarta,500+ terjual,4.9
SEBLAK INSTANT TERMURAH,Rp4.450,Keripik Edun Bandung,Kab. Bandung,10rb+ terjual,4.8
Muria Seblak Stik Cabe Merah Snack 60 gram,Rp5.900,JAGO TOK PETOK,Surabaya,250+ terjual,4.9
Seblak Instan Pedas Home Made,Rp3.500,Brother Meat Shop,Depok,3rb+ terjual,4.9
Prabu Snack Kerupuk Seblak Snack 150 gram,Rp9.500,DUO BOCIL SNACK,Depok,100+ terjual,4.9
"Seblak Rafael, Seblak Coet Instan Halal",Rp23.750,Foodstocks,Jakarta Selatan,500+ terjual,4.9
SEBLAK INSTANT TERMURAH,Rp4.450,Beauty DELUXE,Jakarta Barat,10rb+ terjual,4.8
Seblak Instan Pedas Home Made,Rp3.500,Markas Makaroni,Kab. Bekasi,3rb+ terjual,4.9
Seblak Rafael/Seblak Coet Instan Halal,Rp26.600,Brother Meat Shop,Depok,60+ terjual,5.0
NAAGIH! Seblak Cuanki Baso Aci Boci Instant Kuliner Bandung Pedas Pool,Rp4.888,Pusat Cuankie & Cemilan Frozen,Jakarta Timur,100+ terjual,5.0
KERUPUK SEBLAK PEDAS / KRUPUK SEBLAK KERING DAUN JERUK PEDES,Rp25.000,the Dhecip,Tangerang Selatan,70+ terjual,4.9
"seblak kering pedas 250 gr/seblak kencur/kerupuk seblak,enak dan gurih",Rp9.999,Foodstocks,Jakarta Selatan,500+ terjual,4.8
SEBRING KRUPUK KERUPUK SEBLAK KERING PEDAS DAUN JERUK 1KG CABE ASLI,Rp16.000,Ebay Store,Kab. Tangerang,100+ terjual,4.9
Kerupuk Seblak Kering Putih Ngembang Khas Keripik Pojok Riki Mang Odod,Rp13.999,CamilanJati,Kab. Sidoarjo,30+ terjual,5.0
kerupuk seblak kering pedas 1 kg keripik hot spicy camilan kekinian,Rp41.000,Lidigeli,Kab. Garut,100+ terjual,4.9
"Seblak Rafael, Seblak Coet Instan Halal",Rp23.750,the Dhecip,Tangerang Selatan,500+ terjual,4.9
Kerupuk Seblak Rafael Pedas / Seblak Mawar Pedes - Duo Bocil Snack,Rp16.000,RIKI STORE 97,Kab. Bogor,100+ terjual,5.0
Seblak Rafael/Seblak Coet Instan Halal,Rp26.600,Lidigeli,Kab. Garut,60+ terjual,5.0
